epoch,loss,psnr,ssim
0,1135.0943908691406,13.070354700088501,0.3992563262581825
1,185.1333351135254,21.020923614501953,0.8991133123636246
2,56.009429931640625,26.089608669281006,0.9501230418682098
3,23.085502862930298,29.874983310699463,0.9836767017841339
4,15.320208549499512,31.355207443237305,0.9861329793930054
5,7.278672933578491,34.58010959625244,0.9931048601865768
