epoch,loss,psnr,ssim
0,974.442813873291,19.692780375480652,0.6936812498606741
1,35.04181241989136,30.811666011810303,0.9745068401098251
2,12.297390103340149,35.241506576538086,0.9888544604182243
3,5.0020977556705475,39.097224712371826,0.9948931038379669
