epoch,loss,psnr,ssim
0,1742.5922241210938,14.822089433670044,0.4788150433450937
1,128.60226821899414,25.00196075439453,0.9279286563396454
2,38.39029598236084,30.15646743774414,0.971704751253128
3,22.48743438720703,32.32868003845215,0.9804501980543137
4,11.995181322097778,35.18352127075195,0.9895966351032257
5,8.666478872299194,36.489134788513184,0.9919664561748505
