epoch,loss,psnr,ssim
0,2282.5562083524815,12.617706388585708,0.29757849258535046
1,284.802288459329,21.364395702586453,0.8862892094780417
2,105.96997151094324,25.614984310374542,0.9305186930824728
3,40.1008996851304,29.501948322969323,0.9685510754585266
4,29.759424579844755,30.889431807574105,0.9759592806591707
5,16.854090948665842,33.257597934498506,0.9845510209307952
6,13.017682041841395,34.40050897037282,0.987244408270892
7,8.863900779275333,36.059756873635685,0.9896899468758527
8,6.43961565915276,37.45392424639534,0.9930003152174108
